Workbook

Sheet ATC356X
A1: ATC356X Release notification
A2: Date | B2: Jetpack Version | C2: Yocto base | D2: SoM | E2: Machine | F2: Image Version | G2: Kernel version | H2: Release note | I2: Know issues | J2: Other
A3: 46007 | B3: 6.2.1 | C3: =IF(B3="","",VLOOKUP(B3,'kernel version'!A:C,3,FALSE)) -> Yocto 5.0 | D3: Orin Nano 4G/8G Orin NX 8G/16G | E3: ATC3560 ATC3561 ATC3562 ATC3563 X80 | F3: 1.2.0.0 | G3: =IF(B3="","",VLOOKUP(B3,'kernel version'!A:C,2,FALSE)) -> 5.15.148 | H3: 1.Support machine ATC3560 ATC3561 ATC3562 ATC3563 X80.
C4: =IF(B4="","",VLOOKUP(B4,'kernel version'!A:C,3,FALSE)) | G4: =IF(B4="","",VLOOKUP(B4,'kernel version'!A:C,2,FALSE))
C5: =IF(B5="","",VLOOKUP(B5,'kernel version'!A:C,3,FALSE)) | G5: =IF(B5="","",VLOOKUP(B5,'kernel version'!A:C,2,FALSE))
C6: =IF(B6="","",VLOOKUP(B6,'kernel version'!A:C,3,FALSE)) | G6: =IF(B6="","",VLOOKUP(B6,'kernel version'!A:C,2,FALSE))
C7: =IF(B7="","",VLOOKUP(B7,'kernel version'!A:C,3,FALSE)) | G7: =IF(B7="","",VLOOKUP(B7,'kernel version'!A:C,2,FALSE))
C8: =IF(B8="","",VLOOKUP(B8,'kernel version'!A:C,3,FALSE)) | G8: =IF(B8="","",VLOOKUP(B8,'kernel version'!A:C,2,FALSE))
C9: =IF(B9="","",VLOOKUP(B9,'kernel version'!A:C,3,FALSE)) | G9: =IF(B9="","",VLOOKUP(B9,'kernel version'!A:C,2,FALSE))
C10: =IF(B10="","",VLOOKUP(B10,'kernel version'!A:C,3,FALSE)) | G10: =IF(B10="","",VLOOKUP(B10,'kernel version'!A:C,2,FALSE))

Sheet ATC375X
A1: ATC356X Release notification
A2: Date | B2: Jetpack Version | C2: Yocto base | D2: SoM | E2: Machine | F2: Image Version | G2: Kernel version | H2: Release note | I2: Know issues | J2: Other
A3: 46024 | B3: 6.1 | C3: =IF(B3="","",VLOOKUP(B3,'kernel version'!A:C,3,FALSE)) -> Yocto 5.0 | D3: AGX Orin 32G/64G | E3: ATC3750-6C ATC3750-8M | F3: 1.1.0.0 | G3: =IF(B3="","",VLOOKUP(B3,'kernel version'!A:C,2,FALSE)) -> 5.15.148 | H3: 1.Support machine ATC375x. 2.Applied NVIDIA’s official bug-fix and PCN patches. *(https://developer.nvidia.com/embedded/jetson-pcn-center) *( https://forums.developer.nvidia.com/t/jetson-orin-field-bulletin/352003)
C4: =IF(B4="","",VLOOKUP(B4,'kernel version'!A:C,3,FALSE)) | G4: =IF(B4="","",VLOOKUP(B4,'kernel version'!A:C,2,FALSE))
C5: =IF(B5="","",VLOOKUP(B5,'kernel version'!A:C,3,FALSE)) | G5: =IF(B5="","",VLOOKUP(B5,'kernel version'!A:C,2,FALSE))
C6: =IF(B6="","",VLOOKUP(B6,'kernel version'!A:C,3,FALSE)) | G6: =IF(B6="","",VLOOKUP(B6,'kernel version'!A:C,2,FALSE))
C7: =IF(B7="","",VLOOKUP(B7,'kernel version'!A:C,3,FALSE)) | G7: =IF(B7="","",VLOOKUP(B7,'kernel version'!A:C,2,FALSE))
C8: =IF(B8="","",VLOOKUP(B8,'kernel version'!A:C,3,FALSE)) | G8: =IF(B8="","",VLOOKUP(B8,'kernel version'!A:C,2,FALSE))
C9: =IF(B9="","",VLOOKUP(B9,'kernel version'!A:C,3,FALSE)) | G9: =IF(B9="","",VLOOKUP(B9,'kernel version'!A:C,2,FALSE))
C10: =IF(B10="","",VLOOKUP(B10,'kernel version'!A:C,3,FALSE)) | G10: =IF(B10="","",VLOOKUP(B10,'kernel version'!A:C,2,FALSE))

Sheet kernel version
A1: Jetpack | B1: kernel version | C1: Yocto
A2: 6.2.1 | B2: 5.15.148 | C2: Yocto 5.0
A3: 6.1 | B3: 5.15.148 | C3: Yocto 5.0
